{"RuleTriggered": 0, "Violations": 0, "Details": {"pin_memory": false, "num_workers": 0, "cores": 4, "dataloaders": 1, "dataloading_time": {"p25": 0.03613025, "p50": 0.0365095, "p95": 0.0382491, "probs": [1, 0, 1, 0, 0, 0, 0, 0, 0, 1, 0, 1, 0, 0, 0, 0, 0, 0, 1, 0, 0, 0, 0, 0, 0, 0, 1, 0, 1, 0, 0, 0, 0, 0, 0, 0, 0, 0, 0, 0, 0, 0, 0, 0, 0, 0, 0, 0, 0, 0, 0, 0, 0, 0, 1, 0, 0, 0, 0, 1, 0, 0, 0, 0, 0, 0, 0, 0, 0, 0, 0, 0, 0, 0, 0, 0, 0, 0, 0, 0, 0, 0, 0, 0, 0, 0, 0, 0, 0, 0, 0, 0, 0, 0, 0, 0, 0, 0, 0, 1], "binedges": [0.035845, 0.03587445, 0.0359039, 0.03593335, 0.0359628, 0.03599225, 0.036021700000000004, 0.036051150000000004, 0.036080600000000004, 0.036110050000000005, 0.036139500000000005, 0.03616895, 0.0361984, 0.03622785, 0.0362573, 0.03628675, 0.0363162, 0.03634565, 0.0363751, 0.03640455, 0.036434, 0.03646345, 0.0364929, 0.03652235, 0.0365518, 0.03658125, 0.0366107, 0.03664015, 0.036669600000000004, 0.036699050000000004, 0.0367285, 0.03675795, 0.0367874, 0.03681685, 0.0368463, 0.03687575, 0.0369052, 0.03693465, 0.0369641, 0.03699355, 0.037023, 0.03705245, 0.0370819, 0.03711135, 0.0371408, 0.03717025, 0.0371997, 0.03722915, 0.0372586, 0.03728805, 0.0373175, 0.03734695, 0.0373764, 0.03740585, 0.0374353, 0.03746475, 0.0374942, 0.03752365, 0.0375531, 0.03758255, 0.037612, 0.03764145, 0.0376709, 0.03770035, 0.0377298, 0.03775925, 0.0377887, 0.03781815, 0.0378476, 0.03787705, 0.037906499999999996, 0.037935949999999996, 0.037965399999999996, 0.03799485, 0.0380243, 0.03805375, 0.0380832, 0.03811265, 0.0381421, 0.03817155, 0.038201, 0.03823045, 0.0382599, 0.03828935, 0.0383188, 0.03834825, 0.0383777, 0.03840715, 0.0384366, 0.03846605, 0.0384955, 0.038524949999999995, 0.038554399999999996, 0.038583849999999996, 0.038613299999999996, 0.03864275, 0.0386722, 0.03870165, 0.0387311, 0.03876055, 0.03879]}}, "Datapoints": 10, "RuleParameters": "min_threshold:70\nmax_threshold:200"}