{"RuleTriggered": 0, "Violations": 0, "Details": {"pin_memory": false, "num_workers": 0, "cores": 4, "dataloaders": 1, "dataloading_time": {"p25": 0.03638475, "p50": 0.0370005, "p95": 0.04398904999999999, "probs": [2, 0, 0, 0, 1, 0, 1, 0, 0, 1, 1, 0, 0, 0, 1, 0, 0, 0, 0, 0, 1, 0, 0, 0, 0, 0, 0, 0, 0, 0, 1, 0, 0, 0, 0, 0, 0, 0, 0, 0, 0, 0, 0, 0, 0, 0, 0, 0, 0, 0, 0, 0, 0, 0, 0, 0, 0, 0, 0, 0, 0, 0, 0, 0, 0, 0, 0, 0, 0, 0, 0, 0, 0, 0, 0, 0, 0, 0, 0, 0, 0, 0, 0, 0, 0, 0, 0, 0, 0, 0, 0, 0, 0, 0, 0, 0, 0, 0, 0, 1], "binedges": [0.035767, 0.03588653, 0.03600606, 0.03612559, 0.03624512, 0.03636465, 0.03648418, 0.03660371, 0.03672324, 0.03684277, 0.036962300000000003, 0.03708183, 0.03720136, 0.03732089, 0.03744042, 0.03755995, 0.03767948, 0.03779901, 0.03791854, 0.03803807, 0.0381576, 0.03827713, 0.03839666, 0.03851619, 0.03863572, 0.03875525, 0.03887478, 0.03899431, 0.03911384, 0.039233370000000004, 0.039352899999999996, 0.03947243, 0.03959196, 0.03971149, 0.03983102, 0.03995055, 0.04007008, 0.04018961, 0.04030914, 0.04042867, 0.0405482, 0.04066773, 0.04078726, 0.04090679, 0.04102632, 0.04114585, 0.04126538, 0.04138491, 0.041504440000000004, 0.041623969999999996, 0.0417435, 0.04186303, 0.04198256, 0.04210209, 0.04222162, 0.04234115, 0.04246068, 0.04258021, 0.04269974, 0.04281927, 0.0429388, 0.04305833, 0.04317786, 0.04329739, 0.04341692, 0.04353645, 0.04365598, 0.043775510000000004, 0.043895039999999996, 0.04401457, 0.044134099999999996, 0.04425363, 0.04437316, 0.04449269, 0.04461222, 0.04473175, 0.04485128, 0.04497081, 0.04509034, 0.04520987, 0.0453294, 0.04544893, 0.04556846, 0.04568799, 0.04580752, 0.04592705, 0.04604658, 0.046166109999999996, 0.04628564, 0.046405169999999996, 0.0465247, 0.046644229999999995, 0.04676376, 0.04688329, 0.04700282, 0.04712235, 0.04724188, 0.04736141, 0.04748094, 0.04760047, 0.04772]}}, "Datapoints": 10, "RuleParameters": "min_threshold:70\nmax_threshold:200"}