{"RuleTriggered": 0, "Violations": 0, "Details": {"step_num": {"first": 1679267462233551, "last": 1679270662075916}, "job_start": 1679267388.000529, "job_end": 1679270699.500412}, "Datapoints": 15776, "RuleParameters": "threshold:20"}