{"RuleTriggered": 0, "Violations": 0, "Details": {"ratio": {"cpu_functions": 100.0}, "phase": {"Step:ModeKeys.TRAIN": 15.714947905844825, "others": 6.353361862659835, "Step:ModeKeys.EVAL": 77.93169023149534}, "phase_time": {}, "CPU": {"aten::conv2d": 7.303456075784622, "aten::convolution": 7.282101066633856, "aten::_convolution": 7.264063653173178, "aten::mkldnn_convolution": 7.218680232519438, "aten::batch_norm": 19.696103940165607, "aten::_batch_norm_impl_index": 19.67055093776298, "aten::native_batch_norm": 19.634733788176774, "aten::select": 7.975843608753901, "enumerate(DataLoader)#_SingleProcessDataLoaderIter.__next__": 3.954466697029646}, "CPU_total": {"aten::conv2d": 680242, "aten::convolution": 678253, "aten::_convolution": 676573, "aten::mkldnn_convolution": 672346, "aten::batch_norm": 1834490, "aten::_batch_norm_impl_index": 1832110, "aten::native_batch_norm": 1828774, "aten::select": 742868, "enumerate(DataLoader)#_SingleProcessDataLoaderIter.__next__": 368318}, "general": {"DataLoaderIterInitialize": 7.622545790956885e-05, "DataLoaderIter": 0.0124360836509773, "Forward": 99.98748769089111}}, "Datapoints": 0, "RuleParameters": ""}