{"RuleTriggered": 0, "Violations": 0, "Details": {"ratio": {"cpu_functions": 100.0}, "phase": {"Step:ModeKeys.TRAIN": 15.787847087539072, "others": 6.395829106172789, "Step:ModeKeys.EVAL": 77.81632380628814}, "phase_time": {}, "CPU": {"aten::conv2d": 7.009884879744721, "aten::convolution": 6.9896021842712726, "aten::_convolution": 6.973849633979712, "aten::mkldnn_convolution": 6.932872411652645, "aten::batch_norm": 19.966872283779, "aten::_batch_norm_impl_index": 19.94276985225446, "aten::native_batch_norm": 19.90971008821119, "aten::select": 8.34481570700174, "enumerate(DataLoader)#_SingleProcessDataLoaderIter.__next__": 3.9296229591052465}, "CPU_total": {"aten::conv2d": 680850, "aten::convolution": 678880, "aten::_convolution": 677350, "aten::mkldnn_convolution": 673370, "aten::batch_norm": 1939325, "aten::_batch_norm_impl_index": 1936984, "aten::native_batch_norm": 1933773, "aten::select": 810508, "enumerate(DataLoader)#_SingleProcessDataLoaderIter.__next__": 381673}, "general": {"DataLoaderIterInitialize": 7.696016155327082e-05, "DataLoaderIter": 0.013245343905450747, "Forward": 99.986677695933}}, "Datapoints": 0, "RuleParameters": ""}