{"RuleTriggered": 93, "Violations": 3179, "Details": {"step_details": {"algo-1-27": {"step_stats": {"mean": 0.16848896128396454, "max": 4.024699, "p99": 0.2591536000000001, "p95": 0.18055325, "p50": 0.147673, "min": 0.113294}, "number_of_outliers": 108, "phase": "Step:ModeKeys.EVAL", "stddev": 0.19, "probs": [4, 0, 0, 1, 1, 2, 0, 0, 0, 0, 0, 0, 0, 0, 0, 0, 0, 0, 0, 92, 5601, 2571, 1431, 1174, 562, 416, 353, 237, 192, 149, 130, 108, 85, 73, 72, 46, 60, 28, 23, 24, 35, 32, 28, 22, 29, 31, 19, 18, 14, 22, 18, 19, 13, 10, 23, 12, 15, 13, 16, 19, 14, 18, 24, 21, 15, 5, 5, 14, 3, 5, 10, 9, 3, 6, 6, 3, 2, 2, 4, 3, 1, 2, 1, 1, 1, 2, 2, 7, 7, 17, 13, 8, 7, 6, 3, 2, 0, 0, 0, 3], "binedges": [0.113294, 0.11490445, 0.1165149, 0.11812535, 0.1197358, 0.12134625, 0.1229567, 0.12456715, 0.1261776, 0.12778805000000001, 0.1293985, 0.13100895, 0.1326194, 0.13422985, 0.1358403, 0.13745075, 0.1390612, 0.14067165, 0.1422821, 0.14389255, 0.145503, 0.14711345, 0.14872390000000002, 0.15033435, 0.1519448, 0.15355525, 0.15516570000000002, 0.15677615, 0.15838660000000002, 0.15999705, 0.16160750000000002, 0.16321795, 0.1648284, 0.16643885, 0.1680493, 0.16965975, 0.1712702, 0.17288065, 0.1744911, 0.17610155, 0.177712, 0.17932245000000002, 0.1809329, 0.18254335, 0.1841538, 0.18576425000000002, 0.1873747, 0.18898515, 0.1905956, 0.19220605000000002, 0.1938165, 0.19542695, 0.1970374, 0.19864785000000001, 0.2002583, 0.20186875, 0.20347920000000003, 0.20508965, 0.2067001, 0.20831055, 0.20992100000000002, 0.21153145, 0.2131419, 0.21475235, 0.21636280000000002, 0.21797325, 0.2195837, 0.22119415, 0.22280460000000002, 0.22441505, 0.2260255, 0.22763595, 0.22924640000000002, 0.23085685, 0.2324673, 0.23407775000000003, 0.23568820000000001, 0.23729865, 0.2389091, 0.24051955, 0.24213, 0.24374045, 0.2453509, 0.24696135, 0.2485718, 0.25018225, 0.2517927, 0.25340315, 0.2550136, 0.25662405, 0.25823450000000003, 0.25984495, 0.2614554, 0.26306585000000005, 0.2646763, 0.26628675, 0.2678972, 0.26950765, 0.27111810000000003, 0.27272855, 0.274339], "step_numbers": ["0", "1", "2", "3", "4", "5", "6", "7", "8", "9", "1573", "1574", "1575", "1576", "1576", "1577", "1578", "1579", "1580", "1581", "1582", "3146", "3147", "3148", "3148", "3149", "3150", "3151", "3152", "3153", "3154", "3155", "4719", "4720", "4721", "4721", "4722", "4723", "4724", "4725", "4726", "4727", "4728", "6292", "6293", "6294", "6294", "6295", "6296", "6297", "6298", "6299", "6300", "6301", "7865", "7866", "7866", "7867", "7868", "7869", "7870", "7871", "7872", "7873", "7874", "9438", "9439", "9439", "9440", "9441", "9442", "9443", "9444", "9445", "9446", "9447", "11011", "11011", "11012", "11013", "11014", "11015", "11016", "11017", "11018", "11019", "11020", "12584", "12584", "12585", "12586", "12587", "12588", "12589", "12590", "12591", "12592", "12593", "14157", "14158", "14159", "14160", "14161", "14162", "14163", "14164", "14165", "14166"]}}, "ratio": {"cpu_functions": 100.0}, "CPU": {"aten::conv2d": 7.639009477503496, "aten::convolution": 7.618674429019256, "aten::_convolution": 7.602680570660866, "aten::mkldnn_convolution": 7.5588117020207095, "aten::batch_norm": 20.55062284654121, "aten::_batch_norm_impl_index": 20.524575705786123, "aten::native_batch_norm": 20.490303152160998, "aten::select": 8.015322116307338}, "CPU_total": {"aten::conv2d": 133734, "aten::convolution": 133378, "aten::_convolution": 133098, "aten::mkldnn_convolution": 132330, "aten::batch_norm": 359774, "aten::_batch_norm_impl_index": 359318, "aten::native_batch_norm": 358718, "aten::select": 140322}, "phase": {"Step:ModeKeys.TRAIN": 13.387512319137043, "Step:ModeKeys.EVAL": 86.61248768086296}, "phase_time": {}, "general": {"Forward": 100.0}}, "Datapoints": 15776, "RuleParameters": "threshold:3\nmode:None\nn_outliers:10\nstddev:3"}