{"RuleTriggered": 94, "Violations": 3072, "Details": {"step_details": {"algo-1-27": {"step_stats": {"mean": 0.1731201593580629, "max": 4.018321, "p99": 0.2632647, "p95": 0.1906864, "p50": 0.152696, "min": 0.110882}, "number_of_outliers": 101, "phase": "Step:ModeKeys.EVAL", "stddev": 0.19, "probs": [1, 1, 0, 3, 1, 0, 0, 0, 0, 1, 1, 0, 0, 0, 0, 0, 8, 123, 158, 190, 1651, 4628, 2345, 1498, 789, 522, 322, 267, 161, 158, 109, 91, 85, 66, 68, 42, 42, 40, 29, 35, 33, 18, 37, 17, 32, 26, 28, 24, 23, 34, 37, 28, 27, 15, 22, 28, 22, 16, 19, 13, 8, 8, 6, 8, 4, 4, 7, 4, 4, 7, 2, 2, 7, 3, 1, 5, 3, 6, 11, 19, 19, 14, 10, 5, 1, 1, 1, 0, 0, 1, 0, 0, 0, 0, 0, 0, 0, 0, 0, 1], "binedges": [0.110882, 0.11277253, 0.11466306, 0.11655359, 0.11844412, 0.12033465, 0.12222517999999999, 0.12411570999999999, 0.12600624, 0.12789677, 0.1297873, 0.13167783, 0.13356836, 0.13545889, 0.13734942, 0.13923995, 0.14113048, 0.14302101, 0.14491154, 0.14680207, 0.1486926, 0.15058313, 0.15247366, 0.15436419, 0.15625472, 0.15814525000000001, 0.16003578000000002, 0.16192631000000002, 0.16381684000000002, 0.16570737, 0.1675979, 0.16948843, 0.17137896, 0.17326949, 0.17516002, 0.17705055, 0.17894108, 0.18083161, 0.18272214, 0.18461267, 0.1865032, 0.18839373, 0.19028426, 0.19217479, 0.19406532, 0.19595585, 0.19784638, 0.19973691, 0.20162744, 0.20351797, 0.2054085, 0.20729903, 0.20918956, 0.21108009, 0.21297062, 0.21486115, 0.21675168, 0.21864221, 0.22053274, 0.22242327, 0.2243138, 0.22620433, 0.22809486, 0.22998539, 0.23187592, 0.23376645000000001, 0.23565698000000002, 0.23754751000000002, 0.23943804000000002, 0.24132857000000002, 0.24321910000000002, 0.24510963000000002, 0.24700016000000002, 0.24889069000000003, 0.25078122, 0.25267175000000003, 0.25456228000000003, 0.25645281000000003, 0.25834334000000003, 0.26023387000000003, 0.26212440000000004, 0.26401493000000004, 0.26590546000000004, 0.26779599000000004, 0.26968652000000004, 0.27157705000000004, 0.27346758000000004, 0.27535811000000004, 0.27724864000000005, 0.27913917000000005, 0.2810297, 0.28292023, 0.28481076, 0.28670129, 0.28859182, 0.29048235, 0.29237288, 0.29426341, 0.29615394, 0.29804447, 0.299935], "step_numbers": ["0", "1", "2", "3", "4", "5", "6", "7", "8", "9", "1573", "1574", "1575", "1576", "1577", "1578", "1579", "1580", "1581", "1582", "3146", "3147", "3148", "3149", "3150", "3151", "3152", "3153", "3154", "3155", "4719", "4720", "4721", "4722", "4723", "4724", "4725", "4726", "4726", "4727", "4728", "6292", "6293", "6294", "6295", "6295", "6296", "6297", "6298", "6299", "6300", "6301", "7865", "7866", "7867", "7868", "7869", "7870", "7871", "7872", "7873", "7874", "9438", "9439", "9440", "9441", "9442", "9443", "9444", "9445", "9446", "9447", "11011", "11012", "11013", "11014", "11015", "11016", "11017", "11018", "11019", "11020", "12584", "12585", "12586", "12587", "12588", "12589", "12590", "12591", "12592", "12593", "14157", "14158", "14159", "14160", "14161", "14162", "14163", "14164", "14165"]}}, "ratio": {"cpu_functions": 100.0}, "CPU": {"aten::conv2d": 7.374053328617787, "aten::convolution": 7.3518028183199, "aten::_convolution": 7.333768194183718, "aten::mkldnn_convolution": 7.28715923050709, "aten::batch_norm": 20.830576417035463, "aten::_batch_norm_impl_index": 20.804344236473742, "aten::native_batch_norm": 20.768626312048184, "aten::select": 8.24966946281413}, "CPU_total": {"aten::conv2d": 125936, "aten::convolution": 125556, "aten::_convolution": 125248, "aten::mkldnn_convolution": 124452, "aten::batch_norm": 355750, "aten::_batch_norm_impl_index": 355302, "aten::native_batch_norm": 354692, "aten::select": 140890}, "phase": {"Step:ModeKeys.TRAIN": 14.260232324559743, "Step:ModeKeys.EVAL": 85.73976767544026}, "phase_time": {}, "general": {"Forward": 100.0}}, "Datapoints": 15778, "RuleParameters": "threshold:3\nmode:None\nn_outliers:10\nstddev:3"}